wk,home_score,away_score,home_expected_goals,away_expected_goals,away_id,away_shots,away_shots_on_target,away_touches,away_pass_pct,away_assists,home_id,home_shots,home_shots_on_target,home_touches,home_pass_pct,home_assists,home_team,away_team
1,2,2,2.7,0.9,2818f8bc,6,3,434,72.2,2,054efa67,17,6,844,87.1,1,Bayern Munich,Hertha BSC
1,3,2,2.7,1.2,d9f93f02,10,5,456,65.7,0,c7a9f859,13,4,940,85.7,3,Leverkusen,Paderborn 07
1,3,0,2.1,0.9,a224b06a,19,5,524,76.6,0,a486e511,18,7,580,77.9,2,Freiburg,Mainz 05
1,2,1,0.8,1.0,bc357bf7,11,2,606,75.7,0,4eaa11d7,15,5,567,74.2,1,Wolfsburg,Köln
1,1,3,2.4,0.9,b1278397,12,7,473,73.7,3,62add3bf,24,10,808,86.8,1,Werder Bremen,Düsseldorf
1,5,1,2.4,0.7,0cdc4311,5,1,393,74.2,1,add600ae,21,9,1040,91.7,4,Dortmund,Augsburg
1,0,0,1.6,0.7,c539e393,8,1,506,72.2,0,32f3ee20,16,4,686,79.8,0,M'gladbach,Schalke 04
1,1,0,1.2,0.6,033ea6b8,10,1,742,84.8,0,f0ac8ee6,15,7,426,66.7,1,Eint Frankfurt,Hoffenheim
1,0,4,0.6,3.2,acbb6a5b,12,8,793,86.6,4,7a41008f,12,2,494,69.7,0,Union Berlin,RB Leipzig
2,1,3,0.8,1.7,add600ae,13,6,849,86.5,3,bc357bf7,11,1,393,64.8,1,Köln,Dortmund
2,1,3,1.7,2.1,a486e511,7,3,489,74.3,2,d9f93f02,16,2,561,79.6,1,Paderborn 07,Freiburg
2,1,1,1.5,1.1,7a41008f,12,2,468,68.5,1,0cdc4311,12,4,534,71.3,1,Augsburg,Union Berlin
2,1,3,1.0,1.8,c7a9f859,12,6,792,87.1,2,b1278397,12,5,439,75.3,0,Düsseldorf,Leverkusen
2,3,2,0.7,1.2,62add3bf,18,5,543,75.6,2,033ea6b8,10,3,658,83.1,3,Hoffenheim,Werder Bremen
2,1,3,1.2,1.5,32f3ee20,13,6,591,80.9,2,a224b06a,18,4,572,78.7,1,Mainz 05,M'gladbach
2,0,3,0.9,1.6,054efa67,9,5,845,87.4,1,c539e393,11,2,501,80.1,0,Schalke 04,Bayern Munich
2,2,1,1.5,0.9,f0ac8ee6,10,5,683,82.9,1,acbb6a5b,13,5,577,78.3,2,RB Leipzig,Eint Frankfurt
2,0,3,1.1,1.2,4eaa11d7,9,3,544,73.5,2,2818f8bc,9,2,637,80.7,0,Hertha BSC,Wolfsburg
3,1,3,1.1,2.3,acbb6a5b,14,6,667,81.8,2,32f3ee20,12,3,621,79.5,1,M'gladbach,RB Leipzig
3,3,0,1.0,0.8,2818f8bc,10,3,542,84.7,0,c539e393,9,2,661,84.1,1,Schalke 04,Hertha BSC
3,1,1,0.7,0.7,d9f93f02,10,4,521,71.3,1,4eaa11d7,15,4,706,77.6,1,Wolfsburg,Paderborn 07
3,0,0,0.9,0.3,033ea6b8,6,1,378,60.2,0,c7a9f859,20,2,817,83.3,0,Leverkusen,Hoffenheim
3,1,2,0.8,1.4,bc357bf7,9,2,516,75.3,1,a486e511,14,1,553,78.8,0,Freiburg,Köln
3,6,1,2.6,0.4,a224b06a,7,4,478,76.2,1,054efa67,18,9,827,87.4,5,Bayern Munich,Mainz 05
3,3,1,2.1,1.8,add600ae,14,2,900,88.6,1,7a41008f,15,7,398,65.2,2,Union Berlin,Dortmund
3,3,2,2.5,1.5,0cdc4311,11,5,426,70.6,2,62add3bf,16,4,720,82.3,3,Werder Bremen,Augsburg
3,2,1,1.3,0.6,b1278397,14,4,477,68.6,1,f0ac8ee6,14,7,641,77.7,2,Eint Frankfurt,Düsseldorf
4,1,1,0.6,1.5,4eaa11d7,15,6,671,80.7,1,b1278397,14,3,524,71.5,1,Düsseldorf,Wolfsburg
4,4,0,2.2,0.7,c7a9f859,12,3,849,86.8,0,add600ae,9,7,503,76.7,3,Dortmund,Leverkusen
4,0,1,1.0,2.0,32f3ee20,15,3,552,74.4,0,bc357bf7,14,7,557,74.6,0,Köln,M'gladbach
4,2,1,1.8,1.0,f0ac8ee6,21,4,708,77.1,1,0cdc4311,8,5,426,61.8,1,Augsburg,Eint Frankfurt
4,1,2,1.8,2.7,62add3bf,14,6,565,76.8,1,7a41008f,11,4,500,73.0,0,Union Berlin,Werder Bremen
4,2,1,1.8,2.2,2818f8bc,15,8,531,79.9,1,a224b06a,13,6,568,82.1,1,Mainz 05,Hertha BSC
4,1,1,1.6,1.5,054efa67,14,7,945,86.9,1,acbb6a5b,12,5,520,76.4,0,RB Leipzig,Bayern Munich
4,0,3,1.6,1.1,a486e511,14,8,412,67.9,3,033ea6b8,23,5,735,85.1,0,Hoffenheim,Freiburg
4,1,5,1.2,2.6,c539e393,18,11,616,79.5,4,d9f93f02,10,1,538,75.7,1,Paderborn 07,Schalke 04
5,2,1,1.2,1.1,a224b06a,14,3,614,74.9,1,c539e393,18,6,642,74.9,2,Schalke 04,Mainz 05
5,4,0,2.6,0.8,bc357bf7,14,2,508,76.5,0,054efa67,25,4,717,85.0,3,Bayern Munich,Köln
5,2,0,1.6,0.2,7a41008f,4,0,516,76.1,0,c7a9f859,21,7,915,88.5,1,Leverkusen,Union Berlin
5,2,1,1.2,1.5,d9f93f02,15,7,688,79.9,1,2818f8bc,7,4,498,69.6,2,Hertha BSC,Paderborn 07
5,1,1,1.1,1.0,0cdc4311,13,2,442,67.9,1,a486e511,16,4,626,78.3,0,Freiburg,Augsburg
5,0,3,0.7,1.5,acbb6a5b,14,7,696,83.1,1,62add3bf,8,1,660,82.2,0,Werder Bremen,RB Leipzig
5,2,1,2.8,1.0,b1278397,18,4,510,74.1,1,32f3ee20,23,11,652,82.2,1,M'gladbach,Düsseldorf
5,2,2,1.2,2.2,add600ae,15,7,799,83.1,2,f0ac8ee6,18,3,536,72.8,1,Eint Frankfurt,Dortmund
5,1,1,1.3,0.7,033ea6b8,10,6,640,76.9,1,4eaa11d7,13,4,692,79.7,1,Wolfsburg,Hoffenheim
6,1,2,0.7,1.5,f0ac8ee6,15,5,572,66.0,1,7a41008f,11,5,638,71.4,1,Union Berlin,Eint Frankfurt
6,2,3,0.3,3.5,054efa67,18,6,832,85.7,3,d9f93f02,10,6,528,74.6,1,Paderborn 07,Bayern Munich
6,0,3,0.3,1.1,c7a9f859,11,5,962,89.3,2,0cdc4311,7,1,384,66.0,0,Augsburg,Leverkusen
6,0,1,0.7,0.5,4eaa11d7,4,3,601,75.8,1,a224b06a,15,4,648,75.0,0,Mainz 05,Wolfsburg
6,0,3,1.7,2.0,32f3ee20,12,5,589,79.3,3,033ea6b8,18,3,633,82.4,0,Hoffenheim,M'gladbach
6,1,3,1.6,2.5,c539e393,13,6,511,68.0,2,acbb6a5b,16,6,805,81.3,1,RB Leipzig,Schalke 04
6,2,2,2.0,1.5,62add3bf,11,5,567,81.0,2,add600ae,20,7,926,87.6,2,Dortmund,Werder Bremen
6,1,2,1.3,1.7,a486e511,7,2,542,80.8,2,b1278397,17,7,622,81.9,1,Düsseldorf,Freiburg
6,0,4,0.9,1.4,2818f8bc,10,6,532,78.8,4,bc357bf7,9,3,607,81.5,0,Köln,Hertha BSC
7,3,1,1.5,1.2,b1278397,9,2,549,80.9,0,2818f8bc,17,3,594,81.4,3,Hertha BSC,Düsseldorf
7,1,2,1.7,2.8,a224b06a,15,6,489,71.6,1,d9f93f02,15,6,769,84.1,1,Paderborn 07,Mainz 05
7,2,2,0.4,0.8,add600ae,8,4,902,85.7,2,a486e511,7,1,531,77.4,1,Freiburg,Dortmund
7,1,1,1.3,1.7,acbb6a5b,10,5,575,71.8,1,c7a9f859,11,8,878,84.0,1,Leverkusen,RB Leipzig
7,1,2,1.5,0.8,033ea6b8,8,5,543,75.1,2,054efa67,19,4,861,85.8,1,Bayern Munich,Hoffenheim
7,1,1,1.7,0.6,bc357bf7,10,5,512,72.0,1,c539e393,15,3,589,74.9,1,Schalke 04,Köln
7,5,1,3.0,1.4,0cdc4311,14,3,491,78.1,0,32f3ee20,12,8,711,86.3,4,M'gladbach,Augsburg
7,1,0,2.3,0.6,7a41008f,14,3,549,64.5,0,4eaa11d7,14,5,600,71.2,1,Wolfsburg,Union Berlin
7,2,2,2.2,1.8,62add3bf,10,4,490,71.8,0,f0ac8ee6,21,7,677,75.7,0,Eint Frankfurt,Werder Bremen
8,3,0,2.6,1.6,c7a9f859,19,10,767,82.3,0,f0ac8ee6,9,4,463,61.4,2,Eint Frankfurt,Leverkusen
8,1,1,1.3,1.5,4eaa11d7,13,5,584,72.7,1,acbb6a5b,13,4,692,76.6,0,RB Leipzig,Wolfsburg
8,2,2,1.9,2.7,054efa67,25,8,907,89.5,2,0cdc4311,9,7,341,62.9,2,Augsburg,Bayern Munich
8,1,1,1.1,0.5,2818f8bc,12,2,662,82.2,1,62add3bf,16,5,711,82.1,1,Werder Bremen,Hertha BSC
8,1,0,1.3,0.2,a224b06a,6,1,530,79.0,0,b1278397,20,4,630,82.6,1,Düsseldorf,Mainz 05
8,2,0,1.0,0.5,a486e511,12,4,698,80.3,0,7a41008f,16,5,512,75.7,2,Union Berlin,Freiburg
8,1,0,2.2,2.8,32f3ee20,15,2,576,75.5,0,add600ae,17,5,667,81.0,1,Dortmund,M'gladbach
8,3,0,2.1,0.4,d9f93f02,9,1,729,84.6,0,bc357bf7,17,6,574,76.8,2,Köln,Paderborn 07
8,2,0,1.2,0.8,c539e393,11,2,650,82.5,0,033ea6b8,9,3,507,75.1,1,Hoffenheim,Schalke 04
9,3,1,1.3,1.9,bc357bf7,17,8,564,74.6,1,a224b06a,18,6,536,76.2,2,Mainz 05,Köln
9,0,0,1.0,0.4,add600ae,8,3,645,80.1,0,c539e393,14,2,528,73.4,0,Schalke 04,Dortmund
9,2,1,1.6,2.1,acbb6a5b,25,6,779,85.8,1,a486e511,14,4,562,77.9,1,Freiburg,RB Leipzig
9,2,1,3.5,1.6,7a41008f,4,2,518,77.1,0,054efa67,21,10,837,86.1,0,Bayern Munich,Union Berlin
9,2,3,2.0,2.0,033ea6b8,17,7,673,83.8,3,2818f8bc,14,4,544,76.8,1,Hertha BSC,Hoffenheim
9,2,0,0.8,1.4,b1278397,18,4,555,75.5,0,d9f93f02,14,6,548,75.6,2,Paderborn 07,Düsseldorf
9,2,2,1.9,0.7,62add3bf,10,3,534,77.0,1,c7a9f859,23,4,719,81.8,1,Leverkusen,Werder Bremen
9,0,0,0.9,0.8,0cdc4311,10,5,528,68.0,0,4eaa11d7,14,3,615,75.2,0,Wolfsburg,Augsburg
9,4,2,1.9,1.0,f0ac8ee6,15,3,620,75.2,2,32f3ee20,13,6,592,74.5,4,M'gladbach,Eint Frankfurt
10,3,0,1.7,0.5,d9f93f02,9,3,571,88.1,0,033ea6b8,12,7,917,92.9,2,Hoffenheim,Paderborn 07
10,5,1,2.8,1.0,054efa67,8,3,740,86.0,1,f0ac8ee6,17,11,516,77.4,3,Eint Frankfurt,Bayern Munich
10,1,2,2.8,2.3,32f3ee20,10,6,583,74.5,2,c7a9f859,22,7,768,81.2,1,Leverkusen,M'gladbach
10,2,2,1.8,0.8,a486e511,13,3,687,84.0,1,62add3bf,21,10,599,82.6,2,Werder Bremen,Freiburg
10,8,0,3.5,0.8,a224b06a,10,2,488,74.4,0,acbb6a5b,18,12,881,88.4,7,RB Leipzig,Mainz 05
10,3,0,1.8,1.6,4eaa11d7,13,3,519,75.8,0,add600ae,15,7,800,82.4,2,Dortmund,Wolfsburg
10,1,0,1.2,0.4,2818f8bc,7,3,544,74.2,0,7a41008f,13,5,598,76.9,0,Union Berlin,Hertha BSC
10,2,0,1.8,0.7,bc357bf7,8,1,625,79.5,0,b1278397,8,2,456,66.3,1,Düsseldorf,Köln
10,2,3,1.6,0.6,c539e393,9,3,695,81.8,1,0cdc4311,11,3,405,66.2,1,Augsburg,Schalke 04
11,1,2,0.7,1.8,033ea6b8,14,4,660,79.8,1,bc357bf7,11,3,564,76.9,1,Köln,Hoffenheim
11,2,3,2.0,0.9,7a41008f,12,4,554,73.6,2,a224b06a,16,5,641,76.8,2,Mainz 05,Union Berlin
11,3,3,1.7,1.7,b1278397,8,4,473,68.8,2,c539e393,12,4,594,78.6,2,Schalke 04,Düsseldorf
11,0,1,1.2,1.1,0cdc4311,14,5,498,68.5,0,d9f93f02,10,3,685,83.8,0,Paderborn 07,Augsburg
11,2,4,0.4,2.0,acbb6a5b,8,5,749,80.9,3,2818f8bc,7,3,532,72.4,1,Hertha BSC,RB Leipzig
11,4,0,3.1,0.6,add600ae,1,0,584,82.0,0,054efa67,17,5,793,87.8,3,Bayern Munich,Dortmund
11,3,1,1.4,1.7,62add3bf,15,6,539,78.2,1,32f3ee20,17,7,611,81.3,3,M'gladbach,Werder Bremen
11,0,2,0.8,1.4,c7a9f859,9,4,750,77.7,1,4eaa11d7,10,1,652,70.0,0,Wolfsburg,Leverkusen
11,1,0,0.7,1.0,f0ac8ee6,17,6,532,72.7,0,a486e511,13,6,552,76.2,1,Freiburg,Eint Frankfurt
12,3,3,2.5,1.5,d9f93f02,9,4,559,78.1,3,add600ae,17,7,922,85.7,3,Dortmund,Paderborn 07
12,1,2,1.8,0.6,c539e393,11,5,657,82.2,1,62add3bf,18,5,634,77.8,0,Werder Bremen,Schalke 04
12,1,1,3.6,1.1,a486e511,8,2,436,65.6,1,c7a9f859,27,9,858,86.5,1,Leverkusen,Freiburg
12,0,4,0.8,3.4,054efa67,18,5,859,87.7,4,b1278397,13,1,422,70.2,0,Düsseldorf,Bayern Munich
12,0,2,1.0,1.2,4eaa11d7,9,6,395,62.2,1,f0ac8ee6,17,9,637,75.3,0,Eint Frankfurt,Wolfsburg
12,2,0,1.6,1.1,32f3ee20,13,2,801,78.6,0,7a41008f,10,5,529,67.0,1,Union Berlin,M'gladbach
12,4,1,2.4,0.4,bc357bf7,6,1,457,72.6,1,acbb6a5b,20,7,864,85.5,1,RB Leipzig,Köln
12,4,0,2.0,0.4,2818f8bc,5,1,534,80.5,0,0cdc4311,14,5,550,81.2,2,Augsburg,Hertha BSC
12,1,5,2.2,2.1,a224b06a,12,5,486,73.3,3,033ea6b8,21,8,719,83.8,0,Hoffenheim,Mainz 05
13,2,1,1.6,1.8,7a41008f,15,6,574,71.1,0,c539e393,17,8,673,76.0,2,Schalke 04,Union Berlin
13,1,2,1.1,1.2,add600ae,7,5,689,83.6,2,2818f8bc,13,3,649,82.1,1,Hertha BSC,Dortmund
13,2,3,1.8,2.1,acbb6a5b,18,6,649,82.3,3,d9f93f02,8,4,678,79.2,2,Paderborn 07,RB Leipzig
13,1,1,1.4,1.9,0cdc4311,10,3,537,74.0,1,bc357bf7,15,6,613,79.7,1,Köln,Augsburg
13,1,1,1.7,1.0,b1278397,10,3,632,80.1,1,033ea6b8,10,5,643,82.3,1,Hoffenheim,Düsseldorf
13,1,2,2.4,1.1,c7a9f859,11,7,412,60.8,2,054efa67,24,10,888,84.9,1,Bayern Munich,Leverkusen
13,4,2,4.8,1.5,a486e511,13,4,595,83.2,1,32f3ee20,22,14,609,82.6,3,M'gladbach,Freiburg
13,2,3,2.2,1.4,62add3bf,9,2,482,64.8,2,4eaa11d7,20,6,662,75.1,2,Wolfsburg,Werder Bremen
13,2,1,2.0,1.0,f0ac8ee6,13,3,600,78.2,1,a224b06a,19,9,660,76.1,2,Mainz 05,Eint Frankfurt
14,2,2,2.8,1.2,2818f8bc,8,3,468,65.3,2,f0ac8ee6,27,7,655,75.7,2,Eint Frankfurt,Hertha BSC
14,3,1,3.7,1.4,033ea6b8,11,1,791,81.1,1,acbb6a5b,25,13,613,79.0,1,RB Leipzig,Hoffenheim
14,2,1,3.3,0.5,a224b06a,12,3,506,70.5,1,0cdc4311,15,4,531,69.2,1,Augsburg,Mainz 05
14,1,0,0.5,1.2,4eaa11d7,10,0,558,71.3,0,a486e511,10,3,562,72.9,0,Freiburg,Wolfsburg
14,5,0,3.2,0.1,b1278397,2,0,443,77.4,0,add600ae,23,10,1075,92.7,5,Dortmund,Düsseldorf
14,2,1,1.3,1.7,054efa67,17,5,692,83.1,1,32f3ee20,6,2,498,73.1,1,M'gladbach,Bayern Munich
14,2,1,2.2,1.2,c539e393,4,3,553,70.7,0,c7a9f859,20,9,664,78.4,2,Leverkusen,Schalke 04
14,2,0,1.9,1.1,bc357bf7,13,4,530,65.3,0,7a41008f,11,5,614,74.3,2,Union Berlin,Köln
14,0,1,0.9,1.2,d9f93f02,16,5,598,77.5,1,62add3bf,12,3,670,79.5,0,Werder Bremen,Paderborn 07
15,2,4,2.1,2.2,0cdc4311,5,3,360,62.3,3,033ea6b8,19,8,825,84.1,2,Hoffenheim,Augsburg
15,1,0,0.7,0.9,a486e511,16,4,724,81.2,0,2818f8bc,15,4,518,76.7,1,Hertha BSC,Freiburg
15,1,1,1.0,1.4,7a41008f,16,2,518,66.0,0,d9f93f02,13,3,651,76.3,1,Paderborn 07,Union Berlin
15,2,0,1.6,0.2,c7a9f859,6,2,772,84.2,0,bc357bf7,13,5,539,76.7,2,Köln,Leverkusen
15,6,1,5.0,0.5,62add3bf,10,3,435,71.8,1,054efa67,28,14,898,87.5,6,Bayern Munich,Werder Bremen
15,0,4,0.2,1.3,add600ae,18,7,822,85.4,3,a224b06a,9,0,555,75.4,0,Mainz 05,Dortmund
15,0,3,0.2,3.4,acbb6a5b,21,6,838,90.1,2,b1278397,4,1,424,76.7,0,Düsseldorf,RB Leipzig
15,2,1,1.2,0.4,32f3ee20,6,6,618,78.4,1,4eaa11d7,17,7,598,78.4,1,Wolfsburg,M'gladbach
15,1,0,1.1,0.8,f0ac8ee6,17,3,553,75.3,0,c539e393,11,5,561,79.0,1,Schalke 04,Eint Frankfurt
16,0,5,1.0,2.9,a224b06a,17,8,509,75.7,4,62add3bf,14,5,690,81.6,0,Werder Bremen,Mainz 05
16,3,3,1.2,2.6,acbb6a5b,12,8,703,77.7,0,add600ae,14,6,849,84.3,3,Dortmund,RB Leipzig
16,0,2,1.4,0.8,033ea6b8,7,4,577,71.7,1,7a41008f,16,2,540,66.9,0,Union Berlin,Hoffenheim
16,3,0,1.3,0.5,b1278397,6,2,547,72.7,0,0cdc4311,12,7,495,68.4,1,Augsburg,Düsseldorf
16,0,1,1.0,1.4,2818f8bc,10,5,439,68.8,0,c7a9f859,16,7,844,84.2,0,Leverkusen,Hertha BSC
16,2,4,1.3,2.5,bc357bf7,21,9,625,73.2,4,f0ac8ee6,17,6,524,65.1,2,Eint Frankfurt,Köln
16,1,3,1.6,3.4,054efa67,22,9,797,82.6,2,a486e511,15,5,522,68.1,1,Freiburg,Bayern Munich
16,2,0,2.8,0.6,d9f93f02,12,2,560,77.7,0,32f3ee20,16,5,739,82.4,1,M'gladbach,Paderborn 07
16,1,1,2.4,1.2,c539e393,8,3,538,73.1,0,4eaa11d7,29,9,615,76.1,0,Wolfsburg,Schalke 04
17,2,1,1.3,1.4,add600ae,12,5,725,84.8,1,033ea6b8,11,3,699,82.3,1,Hoffenheim,Dortmund
17,1,0,1.1,0.2,62add3bf,6,1,567,76.4,0,bc357bf7,7,1,662,77.5,1,Köln,Werder Bremen
17,3,1,3.3,0.4,0cdc4311,7,2,374,59.7,1,acbb6a5b,21,6,792,84.0,2,RB Leipzig,Augsburg
17,2,2,1.7,2.8,a486e511,17,5,479,77.0,0,c539e393,20,6,619,80.5,0,Schalke 04,Freiburg
17,0,1,1.9,1.5,c7a9f859,15,4,697,79.3,1,a224b06a,18,1,527,67.4,0,Mainz 05,Leverkusen
17,2,0,1.3,0.9,4eaa11d7,10,3,434,65.7,0,054efa67,18,8,761,81.8,2,Bayern Munich,Wolfsburg
17,0,0,0.6,0.9,32f3ee20,11,5,658,82.7,0,2818f8bc,7,0,503,73.7,0,Hertha BSC,M'gladbach
17,2,1,1.1,2.0,7a41008f,17,5,635,79.0,0,b1278397,22,8,614,74.9,1,Düsseldorf,Union Berlin
17,2,1,3.0,2.1,f0ac8ee6,20,5,559,71.7,1,d9f93f02,19,6,590,74.0,2,Paderborn 07,Eint Frankfurt
18,2,0,1.7,0.9,32f3ee20,14,4,612,78.2,0,c539e393,15,7,543,72.9,2,Schalke 04,M'gladbach
18,1,2,1.0,1.5,f0ac8ee6,12,3,499,72.4,2,033ea6b8,13,4,780,82.6,0,Hoffenheim,Eint Frankfurt
18,3,1,1.6,1.8,4eaa11d7,17,8,584,74.1,1,bc357bf7,12,7,536,68.7,3,Köln,Wolfsburg
18,0,1,1.3,0.9,62add3bf,13,4,642,72.7,0,b1278397,19,2,614,71.9,0,Düsseldorf,Werder Bremen
18,3,5,1.7,4.6,add600ae,19,8,930,86.8,5,0cdc4311,13,5,470,69.5,2,Augsburg,Dortmund
18,1,2,2.5,1.6,a486e511,13,3,542,68.3,1,a224b06a,25,8,648,76.5,0,Mainz 05,Freiburg
18,3,1,2.1,1.5,7a41008f,15,5,508,66.7,1,acbb6a5b,19,7,800,83.9,1,RB Leipzig,Union Berlin
18,0,4,0.7,2.3,054efa67,17,9,841,84.9,3,2818f8bc,7,1,488,72.1,0,Hertha BSC,Bayern Munich
18,1,4,1.3,2.2,c7a9f859,12,6,837,85.5,3,d9f93f02,12,7,525,74.9,0,Paderborn 07,Leverkusen
19,5,1,2.6,1.3,bc357bf7,11,5,604,82.2,1,add600ae,14,9,813,87.7,4,Dortmund,Köln
19,2,0,1.1,1.3,acbb6a5b,22,4,746,80.5,0,f0ac8ee6,7,5,443,62.4,1,Eint Frankfurt,RB Leipzig
19,3,1,2.3,0.7,a224b06a,11,8,428,63.7,1,32f3ee20,14,6,801,80.0,2,M'gladbach,Mainz 05
19,0,2,1.5,1.9,d9f93f02,15,2,499,72.1,0,a486e511,19,5,759,82.1,0,Freiburg,Paderborn 07
19,1,2,1.3,1.7,2818f8bc,9,4,581,73.2,2,4eaa11d7,19,7,726,79.3,1,Wolfsburg,Hertha BSC
19,2,0,1.1,1.9,0cdc4311,25,7,627,70.7,0,7a41008f,12,3,533,66.3,1,Union Berlin,Augsburg
19,5,0,3.5,0.5,c539e393,7,1,434,77.5,0,054efa67,24,14,987,89.1,3,Bayern Munich,Schalke 04
19,0,3,0.8,1.0,033ea6b8,9,4,626,77.3,1,62add3bf,16,3,674,76.5,0,Werder Bremen,Hoffenheim
19,3,0,3.7,0.8,b1278397,12,3,438,66.0,0,c7a9f859,25,9,767,84.1,2,Leverkusen,Düsseldorf
20,0,0,0.4,0.7,c539e393,12,3,702,80.1,0,2818f8bc,9,0,526,67.1,0,Hertha BSC,Schalke 04
20,5,0,3.5,0.3,7a41008f,4,0,488,75.3,0,add600ae,12,6,870,89.1,3,Dortmund,Union Berlin
20,1,1,0.3,1.0,f0ac8ee6,6,4,560,74.0,1,b1278397,8,1,624,77.9,0,Düsseldorf,Eint Frankfurt
20,1,3,0.4,1.7,054efa67,13,5,861,85.7,3,a224b06a,8,3,467,68.4,1,Mainz 05,Bayern Munich
20,2,1,1.4,0.5,62add3bf,7,1,539,73.2,0,0cdc4311,14,4,568,75.7,2,Augsburg,Werder Bremen
20,2,1,2.8,2.4,c7a9f859,22,10,731,80.6,1,033ea6b8,14,6,475,67.4,1,Hoffenheim,Leverkusen
20,2,2,1.5,1.1,32f3ee20,7,4,503,73.4,2,acbb6a5b,18,8,771,81.4,0,RB Leipzig,M'gladbach
20,4,0,3.7,0.9,a486e511,9,2,572,76.0,0,bc357bf7,24,9,511,73.2,2,Köln,Freiburg
20,2,4,1.0,1.5,4eaa11d7,9,5,558,71.3,3,d9f93f02,10,7,533,72.2,2,Paderborn 07,Wolfsburg
21,5,0,2.4,0.7,0cdc4311,8,4,538,72.9,0,f0ac8ee6,14,11,705,76.1,5,Eint Frankfurt,Augsburg
21,1,3,0.9,2.3,a224b06a,10,2,467,71.4,2,2818f8bc,14,3,838,86.6,1,Hertha BSC,Mainz 05
21,1,1,1.3,0.8,d9f93f02,15,4,429,65.4,1,c539e393,15,4,716,83.4,1,Schalke 04,Paderborn 07
21,1,1,1.0,0.9,b1278397,10,2,628,77.6,1,4eaa11d7,10,5,583,74.6,1,Wolfsburg,Düsseldorf
21,1,0,1.7,1.5,033ea6b8,20,6,619,78.5,0,a486e511,11,4,635,81.0,0,Freiburg,Hoffenheim
21,0,2,1.3,1.5,7a41008f,11,6,471,69.8,1,62add3bf,14,3,874,84.5,0,Werder Bremen,Union Berlin
21,4,3,1.5,0.8,add600ae,12,6,670,81.4,2,c7a9f859,8,5,687,81.0,3,Leverkusen,Dortmund
21,0,0,1.6,1.2,acbb6a5b,9,0,485,65.2,0,054efa67,11,2,912,83.5,0,Bayern Munich,RB Leipzig
22,4,0,1.3,0.0,f0ac8ee6,1,0,562,76.6,0,add600ae,17,7,883,87.7,3,Dortmund,Eint Frankfurt
22,1,2,0.9,2.0,2818f8bc,17,6,578,72.9,1,d9f93f02,20,4,605,73.3,1,Paderborn 07,Hertha BSC
22,2,3,2.4,2.8,4eaa11d7,12,5,548,77.3,1,033ea6b8,13,5,692,82.2,1,Hoffenheim,Wolfsburg
22,2,3,1.5,1.2,c7a9f859,12,5,703,77.6,3,7a41008f,19,6,505,62.4,2,Union Berlin,Leverkusen
22,3,0,1.4,0.3,62add3bf,8,1,671,82.2,0,acbb6a5b,9,3,724,81.5,3,RB Leipzig,Werder Bremen
22,1,1,0.9,1.2,a486e511,18,5,823,85.4,0,0cdc4311,9,3,395,67.1,1,Augsburg,Freiburg
22,1,4,1.1,2.6,32f3ee20,17,6,538,81.4,4,b1278397,9,4,550,82.8,1,Düsseldorf,M'gladbach
22,1,4,2.5,2.5,054efa67,24,8,751,86.6,4,bc357bf7,13,6,519,77.4,1,Köln,Bayern Munich
22,0,0,1.5,0.9,c539e393,9,3,650,79.9,0,a224b06a,15,5,474,66.8,0,Mainz 05,Schalke 04
23,3,2,3.0,1.4,d9f93f02,5,4,454,66.7,1,054efa67,19,9,893,84.9,3,Bayern Munich,Paderborn 07
23,0,2,0.3,1.0,add600ae,12,6,896,87.6,2,62add3bf,8,2,556,81.4,0,Werder Bremen,Dortmund
23,0,2,1.0,0.9,b1278397,9,4,492,69.7,2,a486e511,16,4,670,79.7,0,Freiburg,Düsseldorf
23,0,5,0.5,2.6,bc357bf7,17,11,521,74.1,4,2818f8bc,9,1,718,79.6,0,Hertha BSC,Köln
23,1,1,2.6,1.8,033ea6b8,21,5,660,85.8,1,32f3ee20,15,9,623,83.0,1,M'gladbach,Hoffenheim
23,0,5,0.2,2.4,acbb6a5b,23,8,584,78.1,5,c539e393,3,2,641,82.0,0,Schalke 04,RB Leipzig
23,2,0,0.9,0.6,0cdc4311,8,3,407,64.3,0,c7a9f859,9,4,1000,87.9,2,Leverkusen,Augsburg
23,4,0,2.7,1.1,a224b06a,16,3,560,71.6,0,4eaa11d7,16,6,694,80.3,2,Wolfsburg,Mainz 05
23,1,2,2.0,1.6,7a41008f,11,7,489,62.2,1,f0ac8ee6,20,4,712,75.3,0,Eint Frankfurt,Union Berlin
24,3,3,1.3,2.8,2818f8bc,14,6,608,78.8,1,b1278397,14,5,618,79.9,3,Düsseldorf,Hertha BSC
24,0,6,0.4,3.4,054efa67,23,11,857,86.4,3,033ea6b8,4,1,541,76.3,0,Hoffenheim,Bayern Munich
24,1,0,1.8,1.3,a486e511,13,3,560,81.8,0,add600ae,16,2,931,90.5,1,Dortmund,Freiburg
24,2,3,1.1,2.6,32f3ee20,15,7,679,87.5,3,0cdc4311,8,3,572,80.0,2,Augsburg,M'gladbach
24,2,0,0.9,0.6,d9f93f02,9,4,652,74.7,0,a224b06a,8,3,573,69.8,2,Mainz 05,Paderborn 07
24,3,0,0.9,0.8,c539e393,7,1,745,83.1,0,bc357bf7,12,6,510,73.9,2,Köln,Schalke 04
24,2,2,0.5,1.1,4eaa11d7,12,4,681,77.1,2,7a41008f,6,3,501,65.4,2,Union Berlin,Wolfsburg
24,1,1,0.6,1.4,c7a9f859,15,6,843,88.0,1,acbb6a5b,10,2,564,78.7,1,RB Leipzig,Leverkusen
25,1,2,0.7,2.4,bc357bf7,16,3,618,77.5,2,d9f93f02,16,2,579,76.4,1,Paderborn 07,Köln
25,2,2,1.0,1.0,62add3bf,7,3,645,70.4,2,2818f8bc,19,5,605,69.8,1,Hertha BSC,Werder Bremen
25,4,0,2.5,0.9,f0ac8ee6,9,3,554,73.8,0,c7a9f859,13,5,803,85.5,4,Leverkusen,Eint Frankfurt
25,3,1,0.8,0.7,7a41008f,15,4,525,77.3,1,a486e511,10,5,567,74.2,2,Freiburg,Union Berlin
25,0,0,0.8,1.2,acbb6a5b,14,4,789,82.9,0,4eaa11d7,16,4,563,72.5,0,Wolfsburg,RB Leipzig
25,1,1,0.8,0.7,033ea6b8,3,1,691,82.7,1,c539e393,14,4,569,78.9,1,Schalke 04,Hoffenheim
25,1,2,1.9,0.8,add600ae,10,4,771,84.7,2,32f3ee20,10,3,663,80.2,1,M'gladbach,Dortmund
25,2,0,2.8,0.8,0cdc4311,6,2,447,63.4,0,054efa67,18,6,964,85.4,2,Bayern Munich,Augsburg
25,1,1,0.8,2.0,b1278397,20,5,719,80.8,0,a224b06a,3,1,454,67.1,1,Mainz 05,Düsseldorf
21,2,1,0.9,0.9,bc357bf7,15,3,645,79.2,0,32f3ee20,12,5,714,81.0,1,M'gladbach,Köln
26,1,1,2.1,0.3,a486e511,6,1,500,72.4,1,acbb6a5b,22,8,839,84.6,1,RB Leipzig,Freiburg
26,0,3,2.6,1.5,2818f8bc,13,6,595,80.5,2,033ea6b8,18,2,620,79.9,0,Hoffenheim,Hertha BSC
26,4,0,1.7,0.6,c539e393,10,3,570,80.4,0,add600ae,11,4,761,85.2,4,Dortmund,Schalke 04
26,1,2,1.1,1.5,4eaa11d7,16,5,659,78.8,2,0cdc4311,8,3,491,72.2,0,Augsburg,Wolfsburg
26,0,0,0.8,0.7,d9f93f02,7,1,609,82.4,0,b1278397,10,1,665,83.5,0,Düsseldorf,Paderborn 07
26,1,3,1.1,3.4,32f3ee20,14,6,625,79.4,2,f0ac8ee6,12,4,650,78.5,1,Eint Frankfurt,M'gladbach
26,2,2,2.4,2.1,a224b06a,12,5,586,78.2,2,bc357bf7,15,5,551,74.9,1,Köln,Mainz 05
26,0,2,0.5,1.5,054efa67,12,2,831,82.8,1,7a41008f,9,2,499,65.2,0,Union Berlin,Bayern Munich
26,1,4,1.4,1.7,c7a9f859,13,6,880,85.5,4,62add3bf,11,1,580,79.7,1,Werder Bremen,Leverkusen
27,4,0,1.7,0.3,7a41008f,7,0,485,75.6,0,2818f8bc,14,7,598,83.6,3,Hertha BSC,Union Berlin
27,0,2,0.5,0.9,add600ae,6,2,819,86.1,2,4eaa11d7,7,1,553,78.8,0,Wolfsburg,Dortmund
27,1,1,0.6,1.6,033ea6b8,18,5,789,86.5,1,d9f93f02,12,2,546,79.3,0,Paderborn 07,Hoffenheim
27,1,3,1.8,2.9,c7a9f859,13,6,692,82.0,2,32f3ee20,17,6,581,77.7,1,M'gladbach,Leverkusen
27,0,1,0.8,0.7,62add3bf,10,2,516,74.9,1,a486e511,17,7,774,83.1,0,Freiburg,Werder Bremen
27,5,2,2.7,1.1,f0ac8ee6,12,4,507,69.1,2,054efa67,23,10,856,84.5,3,Bayern Munich,Eint Frankfurt
27,0,3,0.7,1.3,0cdc4311,9,7,439,60.6,0,c539e393,12,2,803,81.7,0,Schalke 04,Augsburg
27,0,5,0.2,5.3,acbb6a5b,21,9,833,88.0,5,a224b06a,4,1,484,78.2,0,Mainz 05,RB Leipzig
27,2,2,1.5,0.8,b1278397,10,4,494,66.5,2,bc357bf7,14,5,680,76.6,2,Köln,Düsseldorf
28,0,1,0.8,0.8,054efa67,12,4,753,83.9,0,add600ae,13,4,790,85.0,0,Dortmund,Bayern Munich
28,0,0,0.8,0.4,32f3ee20,9,4,745,82.8,0,62add3bf,12,7,610,77.6,0,Werder Bremen,M'gladbach
28,3,3,4.9,1.0,a486e511,10,5,503,74.8,2,f0ac8ee6,34,16,733,82.8,1,Eint Frankfurt,Freiburg
28,1,4,1.1,2.3,4eaa11d7,15,9,455,70.4,3,c7a9f859,9,1,814,83.9,0,Leverkusen,Wolfsburg
28,2,2,0.8,1.5,2818f8bc,11,2,509,78.2,1,acbb6a5b,11,4,616,82.3,2,RB Leipzig,Hertha BSC
28,1,1,0.4,1.1,a224b06a,10,2,661,79.4,1,7a41008f,8,4,469,67.2,0,Union Berlin,Mainz 05
28,2,1,1.8,0.8,c539e393,8,3,447,64.2,1,b1278397,13,7,751,79.6,0,Düsseldorf,Schalke 04
28,3,1,1.4,2.2,bc357bf7,17,4,679,84.9,1,033ea6b8,7,6,550,84.2,3,Hoffenheim,Köln
28,0,0,0.7,1.7,d9f93f02,15,2,544,76.3,0,0cdc4311,12,3,614,75.8,0,Augsburg,Paderborn 07
29,0,1,0.9,0.6,c7a9f859,7,1,828,86.6,1,a486e511,8,2,454,71.0,0,Freiburg,Leverkusen
29,0,1,1.1,1.9,033ea6b8,10,5,637,78.3,1,a224b06a,17,2,629,77.6,0,Mainz 05,Hoffenheim
29,2,0,2.1,0.7,0cdc4311,8,2,569,72.0,0,2818f8bc,11,6,616,76.2,1,Hertha BSC,Augsburg
29,1,2,1.7,1.6,f0ac8ee6,6,2,508,66.6,1,4eaa11d7,18,4,566,70.7,1,Wolfsburg,Eint Frankfurt
29,0,1,0.7,0.5,62add3bf,6,2,663,76.1,1,c539e393,10,1,526,68.7,0,Schalke 04,Werder Bremen
29,5,0,2.9,0.9,b1278397,7,2,452,73.1,0,054efa67,21,8,829,86.8,3,Bayern Munich,Düsseldorf
29,4,1,2.2,1.0,7a41008f,12,5,562,77.0,1,32f3ee20,17,8,719,85.0,4,M'gladbach,Union Berlin
29,1,6,1.1,3.8,add600ae,16,10,837,89.1,5,d9f93f02,8,0,494,77.7,0,Paderborn 07,Dortmund
29,2,4,1.1,3.3,acbb6a5b,19,8,696,80.2,3,bc357bf7,7,5,615,77.6,0,Köln,RB Leipzig
24,0,3,0.6,1.6,f0ac8ee6,11,4,564,75.8,3,62add3bf,11,3,570,75.4,0,Werder Bremen,Eint Frankfurt
30,1,0,1.1,2.5,32f3ee20,19,3,781,82.2,0,a486e511,15,6,448,72.6,1,Freiburg,M'gladbach
30,2,4,1.0,2.6,054efa67,16,9,729,83.0,4,c7a9f859,10,6,686,81.4,2,Leverkusen,Bayern Munich
30,0,2,0.5,2.4,a224b06a,17,4,462,61.0,2,f0ac8ee6,11,0,725,76.7,0,Eint Frankfurt,Mainz 05
30,2,2,2.5,1.0,033ea6b8,8,3,464,73.5,1,b1278397,24,4,771,83.0,1,Düsseldorf,Hoffenheim
30,1,1,2.2,1.5,d9f93f02,16,5,600,77.0,0,acbb6a5b,12,4,630,76.6,1,RB Leipzig,Paderborn 07
30,1,0,1.8,0.4,2818f8bc,4,1,546,79.8,0,add600ae,13,3,896,89.3,1,Dortmund,Hertha BSC
30,0,1,0.8,1.8,4eaa11d7,17,3,598,75.1,1,62add3bf,11,2,646,75.7,0,Werder Bremen,Wolfsburg
30,1,1,1.7,0.2,c539e393,4,1,558,71.5,1,7a41008f,11,5,495,67.6,1,Union Berlin,Schalke 04
30,1,1,2.3,1.0,bc357bf7,8,2,504,67.6,1,0cdc4311,16,5,518,72.1,1,Augsburg,Köln
31,0,2,2.1,1.9,acbb6a5b,15,7,625,74.8,1,033ea6b8,24,8,638,74.9,0,Hoffenheim,RB Leipzig
31,0,1,0.6,0.6,add600ae,6,3,860,88.8,1,b1278397,6,3,560,79.4,0,Düsseldorf,Dortmund
31,1,5,1.7,2.7,62add3bf,10,7,567,76.8,3,d9f93f02,20,9,556,73.0,0,Paderborn 07,Werder Bremen
31,1,4,1.0,2.3,f0ac8ee6,18,7,693,82.6,3,2818f8bc,6,4,499,78.1,0,Hertha BSC,Eint Frankfurt
31,2,2,2.8,2.3,a486e511,11,5,547,77.0,1,4eaa11d7,19,5,489,75.5,1,Wolfsburg,Freiburg
31,1,2,1.3,1.2,7a41008f,7,5,494,69.4,2,bc357bf7,10,6,700,79.6,1,Köln,Union Berlin
31,2,1,1.4,0.8,32f3ee20,9,2,702,82.4,0,054efa67,10,5,698,83.3,1,Bayern Munich,M'gladbach
31,0,1,1.9,1.1,0cdc4311,9,3,441,60.6,1,a224b06a,18,4,681,75.8,0,Mainz 05,Augsburg
31,1,1,1.5,1.3,c7a9f859,15,5,916,84.7,0,c539e393,6,3,436,65.1,0,Schalke 04,Leverkusen
32,3,0,1.9,0.4,4eaa11d7,11,2,629,80.5,0,32f3ee20,11,4,691,83.3,3,M'gladbach,Wolfsburg
32,1,0,1.7,0.7,d9f93f02,12,3,655,79.0,0,7a41008f,15,6,523,74.4,0,Union Berlin,Paderborn 07
32,0,1,0.5,1.2,054efa67,12,3,822,83.3,1,62add3bf,6,1,606,74.4,0,Werder Bremen,Bayern Munich
32,2,1,1.7,2.1,2818f8bc,11,4,571,79.7,0,a486e511,18,5,560,79.9,0,Freiburg,Hertha BSC
32,2,1,2.4,1.0,c539e393,8,4,498,73.2,1,f0ac8ee6,14,4,749,82.4,2,Eint Frankfurt,Schalke 04
32,2,2,1.1,1.1,b1278397,12,2,433,64.2,2,acbb6a5b,13,5,885,86.8,2,RB Leipzig,Düsseldorf
32,3,1,2.7,0.8,bc357bf7,8,1,434,69.3,1,c7a9f859,14,6,786,84.4,2,Leverkusen,Köln
32,1,3,0.6,1.8,033ea6b8,15,5,679,81.2,1,0cdc4311,12,5,569,74.9,1,Augsburg,Hoffenheim
32,0,2,1.1,1.8,a224b06a,8,4,457,75.9,1,add600ae,16,4,895,88.4,0,Dortmund,Mainz 05
33,,,,,62add3bf,,,,,,a224b06a,,,,,,Mainz 05,Werder Bremen
33,,,,,0cdc4311,,,,,,b1278397,,,,,,Düsseldorf,Augsburg
33,,,,,7a41008f,,,,,,033ea6b8,,,,,,Hoffenheim,Union Berlin
33,,,,,add600ae,,,,,,acbb6a5b,,,,,,RB Leipzig,Dortmund
33,,,,,f0ac8ee6,,,,,,bc357bf7,,,,,,Köln,Eint Frankfurt
33,,,,,4eaa11d7,,,,,,c539e393,,,,,,Schalke 04,Wolfsburg
33,,,,,32f3ee20,,,,,,d9f93f02,,,,,,Paderborn 07,M'gladbach
33,,,,,c7a9f859,,,,,,2818f8bc,,,,,,Hertha BSC,Leverkusen
33,,,,,a486e511,,,,,,054efa67,,,,,,Bayern Munich,Freiburg
34,,,,,054efa67,,,,,,4eaa11d7,,,,,,Wolfsburg,Bayern Munich
34,,,,,d9f93f02,,,,,,f0ac8ee6,,,,,,Eint Frankfurt,Paderborn 07
34,,,,,bc357bf7,,,,,,62add3bf,,,,,,Werder Bremen,Köln
34,,,,,a224b06a,,,,,,c7a9f859,,,,,,Leverkusen,Mainz 05
34,,,,,2818f8bc,,,,,,32f3ee20,,,,,,M'gladbach,Hertha BSC
34,,,,,c539e393,,,,,,a486e511,,,,,,Freiburg,Schalke 04
34,,,,,b1278397,,,,,,7a41008f,,,,,,Union Berlin,Düsseldorf
34,,,,,033ea6b8,,,,,,add600ae,,,,,,Dortmund,Hoffenheim
34,,,,,acbb6a5b,,,,,,0cdc4311,,,,,,Augsburg,RB Leipzig
