Wk,Day,Date,Time,Home,xHomeGoals,HomeScore,AwayScore,xAwayGoals,Away,Attendance,Venue,Referee,Match Report,Notes
1,Fri,2019-08-16,20:30 (14:30),Bayern Munich,2.7,2,2,0.9,Hertha BSC,75000,Allianz Arena,Harm Osmers,Match Report,
1,Sat,2019-08-17,15:30 (09:30),Dortmund,2.4,5,1,0.7,Augsburg,81365,Signal Iduna Park,Frank Willenborg,Match Report,
1,Sat,2019-08-17,15:30 (09:30),Leverkusen,2.7,3,2,1.2,Paderborn 07,26208,BayArena,Tobias Stieler,Match Report,
1,Sat,2019-08-17,15:30 (09:30),Freiburg,2.1,3,0,0.9,Mainz 05,24000,Schwarzwald-Stadion,Robert Hartmann,Match Report,
1,Sat,2019-08-17,15:30 (09:30),Werder Bremen,2.4,1,3,0.9,Düsseldorf,42100,Weserstadion,Felix Zwayer,Match Report,
1,Sat,2019-08-17,15:30 (09:30),Wolfsburg,0.8,2,1,1.0,Köln,25099,Volkswagen Arena,Sven Jablonski,Match Report,
1,Sat,2019-08-17,18:30 (12:30),M'gladbach,1.6,0,0,0.7,Schalke 04,54022,Stadion im Borussia-Park,Felix Brych,Match Report,
1,Sun,2019-08-18,15:30 (09:30),Eint Frankfurt,1.2,1,0,0.6,Hoffenheim,50200,Commerzbank-Arena,Daniel Siebert,Match Report,
1,Sun,2019-08-18,18:00 (12:00),Union Berlin,0.6,0,4,3.2,RB Leipzig,22467,Stadion An der Alten Försterei,Markus Schmidt,Match Report,
2,Fri,2019-08-23,20:30 (14:30),Köln,0.8,1,3,1.7,Dortmund,50000,RheinEnergieSTADION,Christian Dingert,Match Report,
2,Sat,2019-08-24,15:30 (09:30),Paderborn 07,1.7,1,3,2.1,Freiburg,14322,Benteler-Arena,Tobias Welz,Match Report,
2,Sat,2019-08-24,15:30 (09:30),Mainz 05,1.2,1,3,1.5,M'gladbach,28005,Opel Arena,Martin Petersen,Match Report,
2,Sat,2019-08-24,15:30 (09:30),Hoffenheim,0.7,3,2,1.2,Werder Bremen,27333,PreZero Arena,Sascha Stegemann,Match Report,
2,Sat,2019-08-24,15:30 (09:30),Düsseldorf,1.0,1,3,1.8,Leverkusen,44538,Merkur Spielarena,Patrick Ittrich,Match Report,
2,Sat,2019-08-24,15:30 (09:30),Augsburg,1.5,1,1,1.1,Union Berlin,27703,WWK Arena,Robert Schröder,Match Report,
2,Sat,2019-08-24,18:30 (12:30),Schalke 04,0.9,0,3,1.6,Bayern Munich,62271,Veltins-Arena,Marco Fritz,Match Report,
2,Sun,2019-08-25,15:30 (09:30),RB Leipzig,1.5,2,1,0.9,Eint Frankfurt,40108,Red Bull Arena,Benjamin Cortus,Match Report,
2,Sun,2019-08-25,18:00 (12:00),Hertha BSC,1.1,0,3,1.2,Wolfsburg,42738,Olympiastadion Berlin,Guido Winkmann,Match Report,
3,Fri,2019-08-30,20:30 (14:30),M'gladbach,1.1,1,3,2.3,RB Leipzig,47327,Stadion im Borussia-Park,Sven Jablonski,Match Report,
3,Sat,2019-08-31,15:30 (09:30),Schalke 04,1.0,3,0,0.8,Hertha BSC,58875,Veltins-Arena,Tobias Stieler,Match Report,
3,Sat,2019-08-31,15:30 (09:30),Wolfsburg,0.7,1,1,0.7,Paderborn 07,23750,Volkswagen Arena,Daniel Schlager,Match Report,
3,Sat,2019-08-31,15:30 (09:30),Freiburg,0.8,1,2,1.4,Köln,24000,Schwarzwald-Stadion,Robert Kampka,Match Report,
3,Sat,2019-08-31,15:30 (09:30),Leverkusen,0.9,0,0,0.3,Hoffenheim,26506,BayArena,Felix Zwayer,Match Report,
3,Sat,2019-08-31,15:30 (09:30),Bayern Munich,2.6,6,1,0.4,Mainz 05,75000,Allianz Arena,Markus Schmidt,Match Report,
3,Sat,2019-08-31,18:30 (12:30),Union Berlin,2.1,3,1,1.8,Dortmund,22012,Stadion An der Alten Försterei,Felix Brych,Match Report,
3,Sun,2019-09-01,15:30 (09:30),Werder Bremen,2.5,3,2,1.5,Augsburg,40041,Weserstadion,Sören Storks,Match Report,
3,Sun,2019-09-01,18:00 (12:00),Eint Frankfurt,1.3,2,1,0.6,Düsseldorf,49800,Commerzbank-Arena,Frank Willenborg,Match Report,
4,Fri,2019-09-13,20:30 (14:30),Düsseldorf,0.6,1,1,1.5,Wolfsburg,36758,Merkur Spielarena,Manuel Gräfe,Match Report,
4,Sat,2019-09-14,15:30 (09:30),Augsburg,1.8,2,1,1.0,Eint Frankfurt,28513,WWK Arena,Harm Osmers,Match Report,
4,Sat,2019-09-14,15:30 (09:30),Union Berlin,1.8,1,2,2.7,Werder Bremen,22012,Stadion An der Alten Försterei,Tobias Welz,Match Report,
4,Sat,2019-09-14,15:30 (09:30),Dortmund,2.2,4,0,0.7,Leverkusen,81365,Signal Iduna Park,Daniel Siebert,Match Report,
4,Sat,2019-09-14,15:30 (09:30),Mainz 05,1.8,2,1,2.2,Hertha BSC,22798,Opel Arena,Marco Fritz,Match Report,
4,Sat,2019-09-14,15:30 (09:30),Köln,1.0,0,1,2.0,M'gladbach,50000,RheinEnergieSTADION,Deniz Aytekin,Match Report,
4,Sat,2019-09-14,18:30 (12:30),RB Leipzig,1.6,1,1,1.5,Bayern Munich,42146,Red Bull Arena,Sascha Stegemann,Match Report,
4,Sun,2019-09-15,15:30 (09:30),Hoffenheim,1.6,0,3,1.1,Freiburg,29395,PreZero Arena,Guido Winkmann,Match Report,
4,Sun,2019-09-15,18:00 (12:00),Paderborn 07,1.2,1,5,2.6,Schalke 04,15000,Benteler-Arena,Robert Schröder,Match Report,
5,Fri,2019-09-20,20:30 (14:30),Schalke 04,1.2,2,1,1.1,Mainz 05,58687,Veltins-Arena,Daniel Schlager,Match Report,
5,Sat,2019-09-21,15:30 (09:30),Leverkusen,1.6,2,0,0.2,Union Berlin,27430,BayArena,Robert Hartmann,Match Report,
5,Sat,2019-09-21,15:30 (09:30),Hertha BSC,1.2,2,1,1.5,Paderborn 07,43588,Olympiastadion Berlin,Frank Willenborg,Match Report,
5,Sat,2019-09-21,15:30 (09:30),Freiburg,1.1,1,1,1.0,Augsburg,23800,Schwarzwald-Stadion,Bastian Dankert,Match Report,
5,Sat,2019-09-21,15:30 (09:30),Bayern Munich,2.6,4,0,0.8,Köln,75000,Allianz Arena,Patrick Ittrich,Match Report,
5,Sat,2019-09-21,18:30 (12:30),Werder Bremen,0.7,0,3,1.5,RB Leipzig,40550,Weserstadion,Tobias Stieler,Match Report,
5,Sun,2019-09-22,15:30 (09:30),M'gladbach,2.8,2,1,1.0,Düsseldorf,52413,Stadion im Borussia-Park,Christian Dingert,Match Report,
5,Sun,2019-09-22,18:00 (12:00),Eint Frankfurt,1.2,2,2,2.2,Dortmund,51500,Commerzbank-Arena,Markus Schmidt,Match Report,
5,Mon,2019-09-23,20:30 (14:30),Wolfsburg,1.3,1,1,0.7,Hoffenheim,21120,Volkswagen Arena,Benjamin Cortus,Match Report,
6,Fri,2019-09-27,20:30 (14:30),Union Berlin,0.7,1,2,1.5,Eint Frankfurt,22012,Stadion An der Alten Försterei,Sascha Stegemann,Match Report,
6,Sat,2019-09-28,15:30 (09:30),Augsburg,0.3,0,3,1.1,Leverkusen,27113,WWK Arena,Robert Kampka,Match Report,
6,Sat,2019-09-28,15:30 (09:30),RB Leipzig,1.6,1,3,2.5,Schalke 04,42146,Red Bull Arena,Manuel Gräfe,Match Report,
6,Sat,2019-09-28,15:30 (09:30),Paderborn 07,0.3,2,3,3.5,Bayern Munich,15000,Benteler-Arena,Felix Zwayer,Match Report,
6,Sat,2019-09-28,15:30 (09:30),Hoffenheim,1.7,0,3,2.0,M'gladbach,29030,PreZero Arena,Harm Osmers,Match Report,
6,Sat,2019-09-28,15:30 (09:30),Mainz 05,0.7,0,1,0.5,Wolfsburg,24303,Opel Arena,Felix Brych,Match Report,
6,Sat,2019-09-28,18:30 (12:30),Dortmund,2.0,2,2,1.5,Werder Bremen,81365,Signal Iduna Park,Deniz Aytekin,Match Report,
6,Sun,2019-09-29,15:30 (09:30),Düsseldorf,1.3,1,2,1.7,Freiburg,39244,Merkur Spielarena,Daniel Siebert,Match Report,
6,Sun,2019-09-29,18:00 (12:00),Köln,0.9,0,4,1.4,Hertha BSC,49700,RheinEnergieSTADION,Sören Storks,Match Report,
7,Fri,2019-10-04,20:30 (14:30),Hertha BSC,1.5,3,1,1.2,Düsseldorf,37128,Olympiastadion Berlin,Martin Petersen,Match Report,
7,Sat,2019-10-05,15:30 (09:30),Bayern Munich,1.5,1,2,0.8,Hoffenheim,75000,Allianz Arena,Tobias Stieler,Match Report,
7,Sat,2019-10-05,15:30 (09:30),Paderborn 07,1.7,1,2,2.8,Mainz 05,14217,Benteler-Arena,Patrick Ittrich,Match Report,
7,Sat,2019-10-05,15:30 (09:30),Leverkusen,1.3,1,1,1.7,RB Leipzig,26355,BayArena,Marco Fritz,Match Report,
7,Sat,2019-10-05,15:30 (09:30),Freiburg,0.4,2,2,0.8,Dortmund,24000,Schwarzwald-Stadion,Sven Jablonski,Match Report,
7,Sat,2019-10-05,18:30 (12:30),Schalke 04,1.7,1,1,0.6,Köln,61883,Veltins-Arena,Tobias Welz,Match Report,
7,Sun,2019-10-06,13:30 (07:30),M'gladbach,3.0,5,1,1.4,Augsburg,50352,Stadion im Borussia-Park,Robert Schröder,Match Report,
7,Sun,2019-10-06,15:30 (09:30),Wolfsburg,2.3,1,0,0.6,Union Berlin,27012,Volkswagen Arena,Bastian Dankert,Match Report,
7,Sun,2019-10-06,18:00 (12:00),Eint Frankfurt,2.2,2,2,1.8,Werder Bremen,51500,Commerzbank-Arena,Guido Winkmann,Match Report,
8,Fri,2019-10-18,20:30 (14:30),Eint Frankfurt,2.6,3,0,1.6,Leverkusen,50800,Commerzbank-Arena,Christian Dingert,Match Report,
8,Sat,2019-10-19,15:30 (09:30),Düsseldorf,1.3,1,0,0.2,Mainz 05,40660,Merkur Spielarena,Felix Zwayer,Match Report,
8,Sat,2019-10-19,15:30 (09:30),Union Berlin,1.0,2,0,0.5,Freiburg,22012,Stadion An der Alten Försterei,Benjamin Cortus,Match Report,
8,Sat,2019-10-19,15:30 (09:30),RB Leipzig,1.3,1,1,1.5,Wolfsburg,39182,Red Bull Arena,Deniz Aytekin,Match Report,
8,Sat,2019-10-19,15:30 (09:30),Augsburg,1.9,2,2,2.7,Bayern Munich,30660,WWK Arena,Daniel Siebert,Match Report,
8,Sat,2019-10-19,15:30 (09:30),Werder Bremen,1.1,1,1,0.5,Hertha BSC,41447,Weserstadion,Felix Brych,Match Report,
8,Sat,2019-10-19,18:30 (12:30),Dortmund,2.2,1,0,2.8,M'gladbach,81365,Signal Iduna Park,Sascha Stegemann,Match Report,
8,Sun,2019-10-20,15:30 (09:30),Köln,2.1,3,0,0.4,Paderborn 07,50000,RheinEnergieSTADION,Manuel Gräfe,Match Report,
8,Sun,2019-10-20,18:00 (12:00),Hoffenheim,1.2,2,0,0.8,Schalke 04,29477,PreZero Arena,Robert Hartmann,Match Report,
9,Fri,2019-10-25,20:30 (14:30),Mainz 05,1.3,3,1,1.9,Köln,31999,Opel Arena,Frank Willenborg,Match Report,
9,Sat,2019-10-26,15:30 (09:30),Schalke 04,1.0,0,0,0.4,Dortmund,61873,Veltins-Arena,Felix Brych,Match Report,
9,Sat,2019-10-26,15:30 (09:30),Paderborn 07,0.8,2,0,1.4,Düsseldorf,14182,Benteler-Arena,Bastian Dankert,Match Report,
9,Sat,2019-10-26,15:30 (09:30),Hertha BSC,2.0,2,3,2.0,Hoffenheim,44702,Olympiastadion Berlin,Markus Schmidt,Match Report,
9,Sat,2019-10-26,15:30 (09:30),Freiburg,1.6,2,1,2.1,RB Leipzig,24000,Schwarzwald-Stadion,Harm Osmers,Match Report,
9,Sat,2019-10-26,15:30 (09:30),Bayern Munich,3.5,2,1,1.6,Union Berlin,75000,Allianz Arena,Marco Fritz,Match Report,
9,Sat,2019-10-26,18:30 (12:30),Leverkusen,1.9,2,2,0.7,Werder Bremen,30210,BayArena,Martin Petersen,Match Report,
9,Sun,2019-10-27,15:30 (10:30),Wolfsburg,0.9,0,0,0.8,Augsburg,22630,Volkswagen Arena,Tobias Stieler,Match Report,
9,Sun,2019-10-27,18:00 (13:00),M'gladbach,1.9,4,2,1.0,Eint Frankfurt,52300,Stadion im Borussia-Park,Daniel Schlager,Match Report,
10,Fri,2019-11-01,20:30 (15:30),Hoffenheim,1.7,3,0,0.5,Paderborn 07,23629,PreZero Arena,Robert Schröder,Match Report,
10,Sat,2019-11-02,15:30 (10:30),RB Leipzig,3.5,8,0,0.8,Mainz 05,38517,Red Bull Arena,Guido Winkmann,Match Report,
10,Sat,2019-11-02,15:30 (10:30),Eint Frankfurt,2.8,5,1,1.0,Bayern Munich,51500,Commerzbank-Arena,Markus Schmidt,Match Report,
10,Sat,2019-11-02,15:30 (10:30),Dortmund,1.8,3,0,1.6,Wolfsburg,80200,Signal Iduna Park,Tobias Welz,Match Report,
10,Sat,2019-11-02,15:30 (10:30),Leverkusen,2.8,1,2,2.3,M'gladbach,30210,BayArena,Daniel Siebert,Match Report,
10,Sat,2019-11-02,15:30 (10:30),Werder Bremen,1.8,2,2,0.8,Freiburg,41000,Weserstadion,Christian Dingert,Match Report,
10,Sat,2019-11-02,18:30 (13:30),Union Berlin,1.2,1,0,0.4,Hertha BSC,22012,Stadion An der Alten Försterei,Deniz Aytekin,Match Report,
10,Sun,2019-11-03,15:30 (09:30),Düsseldorf,1.8,2,0,0.7,Köln,51155,Merkur Spielarena,Sven Jablonski,Match Report,
10,Sun,2019-11-03,18:00 (12:00),Augsburg,1.6,2,3,0.6,Schalke 04,30361,WWK Arena,Patrick Ittrich,Match Report,
11,Fri,2019-11-08,20:30 (14:30),Köln,0.7,1,2,1.8,Hoffenheim,49100,RheinEnergieSTADION,Robert Kampka,Match Report,
11,Sat,2019-11-09,15:30 (09:30),Mainz 05,2.0,2,3,0.9,Union Berlin,24349,Opel Arena,Harm Osmers,Match Report,
11,Sat,2019-11-09,15:30 (09:30),Hertha BSC,0.4,2,4,2.0,RB Leipzig,48532,Olympiastadion Berlin,Sören Storks,Match Report,
11,Sat,2019-11-09,15:30 (09:30),Schalke 04,1.7,3,3,1.7,Düsseldorf,61831,Veltins-Arena,Robert Hartmann,Match Report,
11,Sat,2019-11-09,15:30 (09:30),Paderborn 07,1.2,0,1,1.1,Augsburg,13758,Benteler-Arena,Marco Fritz,Match Report,
11,Sat,2019-11-09,18:30 (12:30),Bayern Munich,3.1,4,0,0.6,Dortmund,75000,Allianz Arena,Felix Zwayer,Match Report,
11,Sun,2019-11-10,13:30 (07:30),M'gladbach,1.4,3,1,1.7,Werder Bremen,54022,Stadion im Borussia-Park,Tobias Stieler,Match Report,
11,Sun,2019-11-10,15:30 (09:30),Wolfsburg,0.8,0,2,1.4,Leverkusen,24112,Volkswagen Arena,Manuel Gräfe,Match Report,
11,Sun,2019-11-10,18:00 (12:00),Freiburg,0.7,1,0,1.0,Eint Frankfurt,24000,Schwarzwald-Stadion,Felix Brych,Match Report,
12,Fri,2019-11-22,20:30 (14:30),Dortmund,2.5,3,3,1.5,Paderborn 07,81365,Signal Iduna Park,Christian Dingert,Match Report,
12,Sat,2019-11-23,15:30 (09:30),Union Berlin,1.6,2,0,1.1,M'gladbach,22012,Stadion An der Alten Försterei,Felix Brych,Match Report,
12,Sat,2019-11-23,15:30 (09:30),Werder Bremen,1.8,1,2,0.6,Schalke 04,42100,Weserstadion,Benjamin Cortus,Match Report,
12,Sat,2019-11-23,15:30 (09:30),Düsseldorf,0.8,0,4,3.4,Bayern Munich,53000,Merkur Spielarena,Frank Willenborg,Match Report,
12,Sat,2019-11-23,15:30 (09:30),Leverkusen,3.6,1,1,1.1,Freiburg,29032,BayArena,Deniz Aytekin,Match Report,
12,Sat,2019-11-23,15:30 (09:30),Eint Frankfurt,1.0,0,2,1.2,Wolfsburg,50700,Commerzbank-Arena,Daniel Siebert,Match Report,
12,Sat,2019-11-23,18:30 (12:30),RB Leipzig,2.4,4,1,0.4,Köln,42036,Red Bull Arena,Robert Schröder,Match Report,
12,Sun,2019-11-24,15:30 (09:30),Augsburg,2.0,4,0,0.4,Hertha BSC,29233,WWK Arena,Sascha Stegemann,Match Report,
12,Sun,2019-11-24,18:00 (12:00),Hoffenheim,2.2,1,5,2.1,Mainz 05,23129,PreZero Arena,Bastian Dankert,Match Report,
13,Fri,2019-11-29,20:30 (14:30),Schalke 04,1.6,2,1,1.8,Union Berlin,61837,Veltins-Arena,Daniel Schlager,Match Report,
13,Sat,2019-11-30,15:30 (09:30),Hoffenheim,1.7,1,1,1.0,Düsseldorf,25427,PreZero Arena,Martin Petersen,Match Report,
13,Sat,2019-11-30,15:30 (09:30),Hertha BSC,1.1,1,2,1.2,Dortmund,74667,Olympiastadion Berlin,Sven Jablonski,Match Report,
13,Sat,2019-11-30,15:30 (09:30),Paderborn 07,1.8,2,3,2.1,RB Leipzig,13253,Benteler-Arena,Bibiana Steinhaus,Match Report,
13,Sat,2019-11-30,15:30 (09:30),Köln,1.4,1,1,1.9,Augsburg,49200,RheinEnergieSTADION,Tobias Stieler,Match Report,
13,Sat,2019-11-30,18:30 (12:30),Bayern Munich,2.4,1,2,1.1,Leverkusen,75000,Allianz Arena,Guido Winkmann,Match Report,
13,Sun,2019-12-01,15:30 (09:30),M'gladbach,4.8,4,2,1.5,Freiburg,51080,Stadion im Borussia-Park,Felix Zwayer,Match Report,
13,Sun,2019-12-01,18:00 (12:00),Wolfsburg,2.2,2,3,1.4,Werder Bremen,26012,Volkswagen Arena,Robert Kampka,Match Report,
13,Mon,2019-12-02,20:30 (14:30),Mainz 05,2.0,2,1,1.0,Eint Frankfurt,33134,Opel Arena,Manuel Gräfe,Match Report,
14,Fri,2019-12-06,20:30 (14:30),Eint Frankfurt,2.8,2,2,1.2,Hertha BSC,50000,Commerzbank-Arena,Christian Dingert,Match Report,
14,Sat,2019-12-07,15:30 (09:30),M'gladbach,1.3,2,1,1.7,Bayern Munich,54022,Stadion im Borussia-Park,Marco Fritz,Match Report,
14,Sat,2019-12-07,15:30 (09:30),Dortmund,3.2,5,0,0.1,Düsseldorf,81365,Signal Iduna Park,Daniel Siebert,Match Report,
14,Sat,2019-12-07,15:30 (09:30),Freiburg,0.5,1,0,1.2,Wolfsburg,23800,Schwarzwald-Stadion,Bastian Dankert,Match Report,
14,Sat,2019-12-07,15:30 (09:30),Augsburg,3.3,2,1,0.5,Mainz 05,26950,WWK Arena,Markus Schmidt,Match Report,
14,Sat,2019-12-07,15:30 (09:30),RB Leipzig,3.7,3,1,1.4,Hoffenheim,38407,Red Bull Arena,Deniz Aytekin,Match Report,
14,Sat,2019-12-07,18:30 (12:30),Leverkusen,2.2,2,1,1.2,Schalke 04,30210,BayArena,Harm Osmers,Match Report,
14,Sun,2019-12-08,15:30 (09:30),Union Berlin,1.9,2,0,1.1,Köln,22012,Stadion An der Alten Försterei,Patrick Ittrich,Match Report,
14,Sun,2019-12-08,18:00 (12:00),Werder Bremen,0.9,0,1,1.2,Paderborn 07,39870,Weserstadion,Sascha Stegemann,Match Report,
15,Fri,2019-12-13,20:30 (14:30),Hoffenheim,2.1,2,4,2.2,Augsburg,23309,PreZero Arena,Bibiana Steinhaus,Match Report,
15,Sat,2019-12-14,15:30 (09:30),Mainz 05,0.2,0,4,1.3,Dortmund,33305,Opel Arena,Benjamin Cortus,Match Report,
15,Sat,2019-12-14,15:30 (09:30),Bayern Munich,5.0,6,1,0.5,Werder Bremen,75000,Allianz Arena,Robert Schröder,Match Report,
15,Sat,2019-12-14,15:30 (09:30),Paderborn 07,1.0,1,1,1.4,Union Berlin,14414,Benteler-Arena,Sven Jablonski,Match Report,
15,Sat,2019-12-14,15:30 (09:30),Köln,1.6,2,0,0.2,Leverkusen,49500,RheinEnergieSTADION,Manuel Gräfe,Match Report,
15,Sat,2019-12-14,15:30 (09:30),Hertha BSC,0.7,1,0,0.9,Freiburg,37343,Olympiastadion Berlin,Frank Willenborg,Match Report,
15,Sat,2019-12-14,18:30 (12:30),Düsseldorf,0.2,0,3,3.4,RB Leipzig,35387,Merkur Spielarena,Robert Hartmann,Match Report,
15,Sun,2019-12-15,15:30 (09:30),Wolfsburg,1.2,2,1,0.4,M'gladbach,25580,Volkswagen Arena,Felix Brych,Match Report,
15,Sun,2019-12-15,18:00 (12:00),Schalke 04,1.1,1,0,0.8,Eint Frankfurt,60811,Veltins-Arena,Felix Zwayer,Match Report,
16,Tue,2019-12-17,18:30 (12:30),Werder Bremen,1.0,0,5,2.9,Mainz 05,37720,Weserstadion,Frank Willenborg,Match Report,
16,Tue,2019-12-17,20:30 (14:30),Augsburg,1.3,3,0,0.5,Düsseldorf,27763,WWK Arena,Marco Fritz,Match Report,
16,Tue,2019-12-17,20:30 (14:30),Union Berlin,1.4,0,2,0.8,Hoffenheim,20350,Stadion An der Alten Försterei,Sören Storks,Match Report,
16,Tue,2019-12-17,20:30 (14:30),Dortmund,1.2,3,3,2.6,RB Leipzig,80200,Signal Iduna Park,Tobias Stieler,Match Report,
16,Wed,2019-12-18,18:30 (12:30),Leverkusen,1.0,0,1,1.4,Hertha BSC,24472,BayArena,Bastian Dankert,Match Report,
16,Wed,2019-12-18,20:30 (14:30),Wolfsburg,2.4,1,1,1.2,Schalke 04,24651,Volkswagen Arena,Martin Petersen,Match Report,
16,Wed,2019-12-18,20:30 (14:30),Eint Frankfurt,1.3,2,4,2.5,Köln,50300,Commerzbank-Arena,Deniz Aytekin,Match Report,
16,Wed,2019-12-18,20:30 (14:30),M'gladbach,2.8,2,0,0.6,Paderborn 07,44494,Stadion im Borussia-Park,Robert Kampka,Match Report,
16,Wed,2019-12-18,20:30 (14:30),Freiburg,1.6,1,3,3.4,Bayern Munich,24000,Schwarzwald-Stadion,Sascha Stegemann,Match Report,
17,Fri,2019-12-20,20:30 (14:30),Hoffenheim,1.3,2,1,1.4,Dortmund,30150,PreZero Arena,Felix Zwayer,Match Report,
17,Sat,2019-12-21,15:30 (09:30),RB Leipzig,3.3,3,1,0.4,Augsburg,40562,Red Bull Arena,Daniel Siebert,Match Report,
17,Sat,2019-12-21,15:30 (09:30),Bayern Munich,1.3,2,0,0.9,Wolfsburg,75000,Allianz Arena,Christian Dingert,Match Report,
17,Sat,2019-12-21,15:30 (09:30),Mainz 05,1.9,0,1,1.5,Leverkusen,24345,Opel Arena,Patrick Ittrich,Match Report,
17,Sat,2019-12-21,15:30 (09:30),Schalke 04,1.7,2,2,2.8,Freiburg,61867,Veltins-Arena,Felix Brych,Match Report,
17,Sat,2019-12-21,15:30 (09:30),Köln,1.1,1,0,0.2,Werder Bremen,50000,RheinEnergieSTADION,Daniel Schlager,Match Report,
17,Sat,2019-12-21,18:30 (12:30),Hertha BSC,0.6,0,0,0.9,M'gladbach,50208,Olympiastadion Berlin,Harm Osmers,Match Report,
17,Sun,2019-12-22,15:30 (09:30),Düsseldorf,1.1,2,1,2.0,Union Berlin,45490,Merkur Spielarena,Benjamin Cortus,Match Report,
17,Sun,2019-12-22,18:00 (12:00),Paderborn 07,3.0,2,1,2.1,Eint Frankfurt,15000,Benteler-Arena,Markus Schmidt,Match Report,
18,Fri,2020-01-17,20:30 (14:30),Schalke 04,1.7,2,0,0.9,M'gladbach,62271,Veltins-Arena,Deniz Aytekin,Match Report,
18,Sat,2020-01-18,15:30 (09:30),Düsseldorf,1.3,0,1,0.9,Werder Bremen,46000,Merkur Spielarena,Felix Brych,Match Report,
18,Sat,2020-01-18,15:30 (09:30),Augsburg,1.7,3,5,4.6,Dortmund,30660,WWK Arena,Manuel Gräfe,Match Report,
18,Sat,2020-01-18,15:30 (09:30),Mainz 05,2.5,1,2,1.6,Freiburg,23138,Opel Arena,Sven Jablonski,Match Report,
18,Sat,2020-01-18,15:30 (09:30),Hoffenheim,1.0,1,2,1.5,Eint Frankfurt,29610,PreZero Arena,Sascha Stegemann,Match Report,
18,Sat,2020-01-18,15:30 (09:30),Köln,1.6,3,1,1.8,Wolfsburg,49100,RheinEnergieSTADION,Marco Fritz,Match Report,
18,Sat,2020-01-18,18:30 (12:30),RB Leipzig,2.1,3,1,1.5,Union Berlin,42146,Red Bull Arena,Bastian Dankert,Match Report,
18,Sun,2020-01-19,15:30 (09:30),Hertha BSC,0.7,0,4,2.3,Bayern Munich,74667,Olympiastadion Berlin,Tobias Stieler,Match Report,
18,Sun,2020-01-19,18:00 (12:00),Paderborn 07,1.3,1,4,2.2,Leverkusen,14889,Benteler-Arena,Daniel Siebert,Match Report,
19,Fri,2020-01-24,20:30 (14:30),Dortmund,2.6,5,1,1.3,Köln,81365,Signal Iduna Park,Harm Osmers,Match Report,
19,Sat,2020-01-25,15:30 (09:30),M'gladbach,2.3,3,1,0.7,Mainz 05,49175,Stadion im Borussia-Park,Felix Zwayer,Match Report,
19,Sat,2020-01-25,15:30 (09:30),Eint Frankfurt,1.1,2,0,1.3,RB Leipzig,50300,Commerzbank-Arena,Daniel Siebert,Match Report,
19,Sat,2020-01-25,15:30 (09:30),Freiburg,1.5,0,2,1.9,Paderborn 07,23500,Schwarzwald-Stadion,Christian Dingert,Match Report,
19,Sat,2020-01-25,15:30 (09:30),Wolfsburg,1.3,1,2,1.7,Hertha BSC,24894,Volkswagen Arena,Markus Schmidt,Match Report,
19,Sat,2020-01-25,15:30 (09:30),Union Berlin,1.1,2,0,1.9,Augsburg,22012,Stadion An der Alten Försterei,Bibiana Steinhaus,Match Report,
19,Sat,2020-01-25,18:30 (12:30),Bayern Munich,3.3,5,0,0.5,Schalke 04,75000,Allianz Arena,Manuel Gräfe,Match Report,
19,Sun,2020-01-26,15:30 (09:30),Werder Bremen,0.8,0,3,1.0,Hoffenheim,40000,Weserstadion,Martin Petersen,Match Report,
19,Sun,2020-01-26,18:00 (12:00),Leverkusen,3.7,3,0,0.8,Düsseldorf,26250,BayArena,Daniel Schlager,Match Report,
20,Fri,2020-01-31,20:30 (14:30),Hertha BSC,0.4,0,0,0.7,Schalke 04,47863,Olympiastadion Berlin,Sascha Stegemann,Match Report,
20,Sat,2020-02-01,15:30 (09:30),Hoffenheim,2.8,2,1,2.4,Leverkusen,24489,PreZero Arena,Deniz Aytekin,Match Report,
20,Sat,2020-02-01,15:30 (09:30),Augsburg,1.4,2,1,0.5,Werder Bremen,29432,WWK Arena,Marco Fritz,Match Report,
20,Sat,2020-02-01,15:30 (09:30),Düsseldorf,0.3,1,1,1.0,Eint Frankfurt,45018,Merkur Spielarena,Frank Willenborg,Match Report,
20,Sat,2020-02-01,15:30 (09:30),Mainz 05,0.4,1,3,1.7,Bayern Munich,33305,Opel Arena,Bastian Dankert,Match Report,
20,Sat,2020-02-01,15:30 (09:30),Dortmund,3.5,5,0,0.3,Union Berlin,81365,Signal Iduna Park,Benjamin Cortus,Match Report,
20,Sat,2020-02-01,18:30 (12:30),RB Leipzig,1.5,2,2,1.1,M'gladbach,42146,Red Bull Arena,Tobias Stieler,Match Report,
20,Sun,2020-02-02,15:30 (09:30),Köln,3.7,4,0,0.9,Freiburg,50000,RheinEnergieSTADION,Robert Kampka,Match Report,
20,Sun,2020-02-02,18:00 (12:00),Paderborn 07,1.0,2,4,1.5,Wolfsburg,13926,Benteler-Arena,Patrick Ittrich,Match Report,
21,Fri,2020-02-07,20:30 (14:30),Eint Frankfurt,2.4,5,0,0.7,Augsburg,48800,Commerzbank-Arena,Manuel Gräfe,Match Report,
21,Sat,2020-02-08,15:30 (09:30),Werder Bremen,1.3,0,2,1.5,Union Berlin,42100,Weserstadion,Daniel Schlager,Match Report,
21,Sat,2020-02-08,15:30 (09:30),Schalke 04,1.3,1,1,0.8,Paderborn 07,61614,Veltins-Arena,Felix Brych,Match Report,
21,Sat,2020-02-08,15:30 (09:30),Hertha BSC,0.8,1,3,2.3,Mainz 05,35049,Olympiastadion Berlin,Martin Petersen,Match Report,
21,Sat,2020-02-08,15:30 (09:30),Freiburg,1.7,1,0,1.5,Hoffenheim,24000,Schwarzwald-Stadion,Sven Jablonski,Match Report,
21,Sat,2020-02-08,15:30 (09:30),Wolfsburg,1.0,1,1,0.9,Düsseldorf,23445,Volkswagen Arena,Tobias Stieler,Match Report,
21,Sat,2020-02-08,18:30 (12:30),Leverkusen,1.5,4,3,0.8,Dortmund,30210,BayArena,Markus Schmidt,Match Report,
21,Sun,2020-02-09,18:00 (12:00),Bayern Munich,1.6,0,0,1.2,RB Leipzig,75000,Allianz Arena,Marco Fritz,Match Report,
22,Fri,2020-02-14,20:30 (14:30),Dortmund,1.3,4,0,0.0,Eint Frankfurt,81365,Signal Iduna Park,Bastian Dankert,Match Report,
22,Sat,2020-02-15,15:30 (09:30),Union Berlin,1.5,2,3,1.2,Leverkusen,22012,Stadion An der Alten Försterei,Harm Osmers,Match Report,
22,Sat,2020-02-15,15:30 (09:30),Augsburg,0.9,1,1,1.2,Freiburg,26822,WWK Arena,Patrick Ittrich,Match Report,
22,Sat,2020-02-15,15:30 (09:30),RB Leipzig,1.4,3,0,0.3,Werder Bremen,41308,Red Bull Arena,Benjamin Cortus,Match Report,
22,Sat,2020-02-15,15:30 (09:30),Paderborn 07,0.9,1,2,2.0,Hertha BSC,14687,Benteler-Arena,Bibiana Steinhaus,Match Report,
22,Sat,2020-02-15,15:30 (09:30),Hoffenheim,2.4,2,3,2.8,Wolfsburg,22506,PreZero Arena,Sören Storks,Match Report,
22,Sat,2020-02-15,18:30 (12:30),Düsseldorf,1.1,1,4,2.6,M'gladbach,51000,Merkur Spielarena,Daniel Siebert,Match Report,
22,Sun,2020-02-16,15:30 (09:30),Köln,2.5,1,4,2.5,Bayern Munich,50000,RheinEnergieSTADION,Felix Zwayer,Match Report,
22,Sun,2020-02-16,18:00 (12:00),Mainz 05,1.5,0,0,0.9,Schalke 04,27482,Opel Arena,Guido Winkmann,Match Report,
23,Fri,2020-02-21,20:30 (14:30),Bayern Munich,3.0,3,2,1.4,Paderborn 07,75000,Allianz Arena,Markus Schmidt,Match Report,
23,Sat,2020-02-22,15:30 (09:30),M'gladbach,2.6,1,1,1.8,Hoffenheim,50250,Stadion im Borussia-Park,Felix Brych,Match Report,
23,Sat,2020-02-22,15:30 (09:30),Hertha BSC,0.5,0,5,2.6,Köln,46207,Olympiastadion Berlin,Daniel Schlager,Match Report,
23,Sat,2020-02-22,15:30 (09:30),Werder Bremen,0.3,0,2,1.0,Dortmund,42100,Weserstadion,Marco Fritz,Match Report,
23,Sat,2020-02-22,15:30 (09:30),Freiburg,1.0,0,2,0.9,Düsseldorf,24000,Schwarzwald-Stadion,Frank Willenborg,Match Report,
23,Sat,2020-02-22,18:30 (12:30),Schalke 04,0.2,0,5,2.4,RB Leipzig,61433,Veltins-Arena,Sascha Stegemann,Match Report,
23,Sun,2020-02-23,15:30 (09:30),Leverkusen,0.9,2,0,0.6,Augsburg,23703,BayArena,Sven Jablonski,Match Report,
23,Sun,2020-02-23,18:00 (12:00),Wolfsburg,2.7,4,0,1.1,Mainz 05,21058,Volkswagen Arena,Benjamin Cortus,Match Report,
23,Mon,2020-02-24,20:30 (14:30),Eint Frankfurt,2.0,1,2,1.6,Union Berlin,47000,Commerzbank-Arena,Deniz Aytekin,Match Report,
24,Fri,2020-02-28,20:30 (14:30),Düsseldorf,1.3,3,3,2.8,Hertha BSC,31632,Merkur Spielarena,Tobias Stieler,Match Report,
24,Sat,2020-02-29,15:30 (09:30),Dortmund,1.8,1,0,1.3,Freiburg,81365,Signal Iduna Park,Robert Hartmann,Match Report,
24,Sat,2020-02-29,15:30 (09:30),Mainz 05,0.9,2,0,0.6,Paderborn 07,24231,Opel Arena,Harm Osmers,Match Report,
24,Sat,2020-02-29,15:30 (09:30),Hoffenheim,0.4,0,6,3.4,Bayern Munich,30150,PreZero Arena,Christian Dingert,Match Report,
24,Sat,2020-02-29,15:30 (09:30),Augsburg,1.1,2,3,2.6,M'gladbach,29303,WWK Arena,Markus Schmidt,Match Report,
24,Sat,2020-02-29,18:30 (12:30),Köln,0.9,3,0,0.8,Schalke 04,50000,RheinEnergieSTADION,Manuel Gräfe,Match Report,
24,Sun,2020-03-01,13:30 (07:30),Union Berlin,0.5,2,2,1.1,Wolfsburg,22012,Stadion An der Alten Försterei,Bastian Dankert,Match Report,
24,Sun,2020-03-01,15:30 (09:30),RB Leipzig,0.6,1,1,1.4,Leverkusen,41216,Red Bull Arena,Felix Zwayer,Match Report,
25,Fri,2020-03-06,20:00 (14:00),Paderborn 07,0.7,1,2,2.4,Köln,15000,Benteler-Arena,Daniel Siebert,Match Report,
25,Sat,2020-03-07,15:30 (09:30),Hertha BSC,1.0,2,2,1.0,Werder Bremen,58028,Olympiastadion Berlin,Guido Winkmann,Match Report,
25,Sat,2020-03-07,15:30 (09:30),Leverkusen,2.5,4,0,0.9,Eint Frankfurt,30210,BayArena,Felix Brych,Match Report,
25,Sat,2020-03-07,15:30 (09:30),Schalke 04,0.8,1,1,0.7,Hoffenheim,58324,Veltins-Arena,Sven Jablonski,Match Report,
25,Sat,2020-03-07,15:30 (09:30),Freiburg,0.8,3,1,0.7,Union Berlin,24000,Schwarzwald-Stadion,Marco Fritz,Match Report,
25,Sat,2020-03-07,15:30 (09:30),Wolfsburg,0.8,0,0,1.2,RB Leipzig,27195,Volkswagen Arena,Daniel Schlager,Match Report,
25,Sat,2020-03-07,18:30 (12:30),M'gladbach,1.9,1,2,0.8,Dortmund,53877,Stadion im Borussia-Park,Sascha Stegemann,Match Report,
25,Sun,2020-03-08,15:30 (10:30),Bayern Munich,2.8,2,0,0.8,Augsburg,75000,Allianz Arena,Bibiana Steinhaus,Match Report,
25,Sun,2020-03-08,18:00 (13:00),Mainz 05,0.8,1,1,2.0,Düsseldorf,21409,Opel Arena,Harm Osmers,Match Report,
21,Wed,2020-03-11,18:30 (13:30),M'gladbach,0.9,2,1,0.9,Köln,,Stadion im Borussia-Park,Deniz Aytekin,Match Report,
26,Sat,2020-05-16,15:30 (09:30),Dortmund,1.7,4,0,0.6,Schalke 04,,Signal Iduna Park,Deniz Aytekin,Match Report,
26,Sat,2020-05-16,15:30 (09:30),Augsburg,1.2,1,2,1.5,Wolfsburg,,WWK Arena,Felix Brych,Match Report,
26,Sat,2020-05-16,15:30 (09:30),Hoffenheim,2.6,0,3,1.5,Hertha BSC,,PreZero Arena,Christian Dingert,Match Report,
26,Sat,2020-05-16,15:30 (09:30),Düsseldorf,0.8,0,0,0.7,Paderborn 07,,Merkur Spielarena,Frank Willenborg,Match Report,
26,Sat,2020-05-16,15:30 (09:30),RB Leipzig,2.1,1,1,0.3,Freiburg,,Red Bull Arena,Manuel Gräfe,Match Report,
26,Sat,2020-05-16,18:30 (12:30),Eint Frankfurt,1.1,1,3,3.3,M'gladbach,,Commerzbank-Arena,Felix Zwayer,Match Report,
26,Sun,2020-05-17,15:30 (09:30),Köln,2.4,2,2,2.1,Mainz 05,,RheinEnergieSTADION,Guido Winkmann,Match Report,
26,Sun,2020-05-17,18:00 (12:00),Union Berlin,0.5,0,2,1.5,Bayern Munich,,Stadion An der Alten Försterei,Bastian Dankert,Match Report,
26,Mon,2020-05-18,20:30 (14:30),Werder Bremen,1.2,1,4,1.7,Leverkusen,,Weserstadion,Tobias Stieler,Match Report,
27,Sun,2020-05-24,,Wolfsburg,,,,,Dortmund,,Volkswagen Arena,,,
27,Sun,2020-05-24,,Schalke 04,,,,,Augsburg,,Veltins-Arena,,,
27,Sun,2020-05-24,,Bayern Munich,,,,,Eint Frankfurt,,Allianz Arena,,,
27,Sun,2020-05-24,,M'gladbach,,,,,Leverkusen,,Stadion im Borussia-Park,,,
27,Sun,2020-05-24,,Hertha BSC,,,,,Union Berlin,,Olympiastadion Berlin,,,
27,Sun,2020-05-24,,Köln,,,,,Düsseldorf,,RheinEnergieSTADION,,,
27,Sun,2020-05-24,,Freiburg,,,,,Werder Bremen,,Schwarzwald-Stadion,,,
27,Sun,2020-05-24,,Paderborn 07,,,,,Hoffenheim,,Benteler-Arena,,,
27,Sun,2020-05-24,,Mainz 05,,,,,RB Leipzig,,Opel Arena,,,
28,Wed,2020-05-27,,Eint Frankfurt,,,,,Freiburg,,Commerzbank-Arena,,,
28,Wed,2020-05-27,,Union Berlin,,,,,Mainz 05,,Stadion An der Alten Försterei,,,
28,Wed,2020-05-27,,Hoffenheim,,,,,Köln,,PreZero Arena,,,
28,Wed,2020-05-27,,Leverkusen,,,,,Wolfsburg,,BayArena,,,
28,Wed,2020-05-27,,Augsburg,,,,,Paderborn 07,,WWK Arena,,,
28,Wed,2020-05-27,,RB Leipzig,,,,,Hertha BSC,,Red Bull Arena,,,
28,Wed,2020-05-27,,Werder Bremen,,,,,M'gladbach,,Weserstadion,,,
28,Wed,2020-05-27,,Dortmund,,,,,Bayern Munich,,Signal Iduna Park,,,
28,Wed,2020-05-27,,Düsseldorf,,,,,Schalke 04,,Merkur Spielarena,,,
29,Mon,2020-06-01,,Paderborn 07,,,,,Dortmund,,Benteler-Arena,,,
29,Mon,2020-06-01,,Wolfsburg,,,,,Eint Frankfurt,,Volkswagen Arena,,,
29,Mon,2020-06-01,,Freiburg,,,,,Leverkusen,,Schwarzwald-Stadion,,,
29,Mon,2020-06-01,,Hertha BSC,,,,,Augsburg,,Olympiastadion Berlin,,,
29,Mon,2020-06-01,,Bayern Munich,,,,,Düsseldorf,,Allianz Arena,,,
29,Mon,2020-06-01,,M'gladbach,,,,,Union Berlin,,Stadion im Borussia-Park,,,
29,Mon,2020-06-01,,Schalke 04,,,,,Werder Bremen,,Veltins-Arena,,,
29,Mon,2020-06-01,,Köln,,,,,RB Leipzig,,RheinEnergieSTADION,,,
29,Mon,2020-06-01,,Mainz 05,,,,,Hoffenheim,,Opel Arena,,,
30,Mon,2020-06-08,,RB Leipzig,,,,,Paderborn 07,,Red Bull Arena,,,
30,Mon,2020-06-08,,Leverkusen,,,,,Bayern Munich,,BayArena,,,
30,Mon,2020-06-08,,Düsseldorf,,,,,Hoffenheim,,Merkur Spielarena,,,
30,Mon,2020-06-08,,Union Berlin,,,,,Schalke 04,,Stadion An der Alten Försterei,,,
30,Mon,2020-06-08,,Dortmund,,,,,Hertha BSC,,Signal Iduna Park,,,
30,Mon,2020-06-08,,Freiburg,,,,,M'gladbach,,Schwarzwald-Stadion,,,
30,Mon,2020-06-08,,Augsburg,,,,,Köln,,WWK Arena,,,
30,Mon,2020-06-08,,Werder Bremen,,,,,Wolfsburg,,Weserstadion,,,
30,Mon,2020-06-08,,Eint Frankfurt,,,,,Mainz 05,,Commerzbank-Arena,,,
31,Sun,2020-06-14,,Schalke 04,,,,,Leverkusen,,Veltins-Arena,,,
31,Sun,2020-06-14,,Paderborn 07,,,,,Werder Bremen,,Benteler-Arena,,,
31,Sun,2020-06-14,,Köln,,,,,Union Berlin,,RheinEnergieSTADION,,,
31,Sun,2020-06-14,,Mainz 05,,,,,Augsburg,,Opel Arena,,,
31,Sun,2020-06-14,,Wolfsburg,,,,,Freiburg,,Volkswagen Arena,,,
31,Sun,2020-06-14,,Hertha BSC,,,,,Eint Frankfurt,,Olympiastadion Berlin,,,
31,Sun,2020-06-14,,Hoffenheim,,,,,RB Leipzig,,PreZero Arena,,,
31,Sun,2020-06-14,,Düsseldorf,,,,,Dortmund,,Merkur Spielarena,,,
31,Sun,2020-06-14,,Bayern Munich,,,,,M'gladbach,,Allianz Arena,,,
32,Wed,2020-06-17,,Eint Frankfurt,,,,,Schalke 04,,Commerzbank-Arena,,,
32,Wed,2020-06-17,,Union Berlin,,,,,Paderborn 07,,Stadion An der Alten Försterei,,,
32,Wed,2020-06-17,,Freiburg,,,,,Hertha BSC,,Schwarzwald-Stadion,,,
32,Wed,2020-06-17,,M'gladbach,,,,,Wolfsburg,,Stadion im Borussia-Park,,,
32,Wed,2020-06-17,,Augsburg,,,,,Hoffenheim,,WWK Arena,,,
32,Wed,2020-06-17,,RB Leipzig,,,,,Düsseldorf,,Red Bull Arena,,,
32,Wed,2020-06-17,,Leverkusen,,,,,Köln,,BayArena,,,
32,Wed,2020-06-17,,Dortmund,,,,,Mainz 05,,Signal Iduna Park,,,
32,Wed,2020-06-17,,Werder Bremen,,,,,Bayern Munich,,Weserstadion,,,
33,Sat,2020-06-20,15:30 (09:30),RB Leipzig,,,,,Dortmund,,Red Bull Arena,,,
33,Sat,2020-06-20,15:30 (09:30),Hoffenheim,,,,,Union Berlin,,PreZero Arena,,,
33,Sat,2020-06-20,15:30 (09:30),Hertha BSC,,,,,Leverkusen,,Olympiastadion Berlin,,,
33,Sat,2020-06-20,15:30 (09:30),Schalke 04,,,,,Wolfsburg,,Veltins-Arena,,,
33,Sat,2020-06-20,15:30 (09:30),Paderborn 07,,,,,M'gladbach,,Benteler-Arena,,,
33,Sat,2020-06-20,15:30 (09:30),Mainz 05,,,,,Werder Bremen,,Opel Arena,,,
33,Sat,2020-06-20,15:30 (09:30),Düsseldorf,,,,,Augsburg,,Merkur Spielarena,,,
33,Sat,2020-06-20,15:30 (09:30),Bayern Munich,,,,,Freiburg,,Allianz Arena,,,
33,Sat,2020-06-20,15:30 (09:30),Köln,,,,,Eint Frankfurt,,RheinEnergieSTADION,,,
34,Sat,2020-06-27,15:30 (09:30),Leverkusen,,,,,Mainz 05,,BayArena,,,
34,Sat,2020-06-27,15:30 (09:30),M'gladbach,,,,,Hertha BSC,,Stadion im Borussia-Park,,,
34,Sat,2020-06-27,15:30 (09:30),Eint Frankfurt,,,,,Paderborn 07,,Commerzbank-Arena,,,
34,Sat,2020-06-27,15:30 (09:30),Augsburg,,,,,RB Leipzig,,WWK Arena,,,
34,Sat,2020-06-27,15:30 (09:30),Freiburg,,,,,Schalke 04,,Schwarzwald-Stadion,,,
34,Sat,2020-06-27,15:30 (09:30),Dortmund,,,,,Hoffenheim,,Signal Iduna Park,,,
34,Sat,2020-06-27,15:30 (09:30),Union Berlin,,,,,Düsseldorf,,Stadion An der Alten Försterei,,,
34,Sat,2020-06-27,15:30 (09:30),Werder Bremen,,,,,Köln,,Weserstadion,,,
34,Sat,2020-06-27,15:30 (09:30),Wolfsburg,,,,,Bayern Munich,,Volkswagen Arena,,,